Afghanistan,AF,Asia,Southern Asia,AFN,ðŸ‡¦ðŸ‡«,U+1F1E6 U+1F1EB,,93
Aland Islands,AX,Europe,Northern Europe,EUR,ðŸ‡¦ðŸ‡½,U+1F1E6 U+1F1FD,,358
Albania,AL,Europe,Southern Europe,ALL,ðŸ‡¦ðŸ‡±,U+1F1E6 U+1F1F1,,355
Algeria,DZ,Africa,Northern Africa,DZD,ðŸ‡©ðŸ‡¿,U+1F1E9 U+1F1FF,,213
American Samoa,AS,Oceania,Polynesia,USD,ðŸ‡¦ðŸ‡¸,U+1F1E6 U+1F1F8,,1
Andorra,AD,Europe,Southern Europe,EUR,ðŸ‡¦ðŸ‡©,U+1F1E6 U+1F1E9,,376
Angola,AO,Africa,Middle Africa,AOA,ðŸ‡¦ðŸ‡´,U+1F1E6 U+1F1F4,,244
Anguilla,AI,Americas,Caribbean,XCD,ðŸ‡¦ðŸ‡®,U+1F1E6 U+1F1EE,,1
Antarctica,AQ,Polar,,AAD,ðŸ‡¦ðŸ‡¶,U+1F1E6 U+1F1F6,,0
Antigua And Barbuda,AG,Americas,Caribbean,XCD,ðŸ‡¦ðŸ‡¬,U+1F1E6 U+1F1EC,,1
Argentina,AR,Americas,South America,ARS,ðŸ‡¦ðŸ‡·,U+1F1E6 U+1F1F7,,54
Armenia,AM,Asia,Western Asia,AMD,ðŸ‡¦ðŸ‡²,U+1F1E6 U+1F1F2,,374
Aruba,AW,Americas,Caribbean,AWG,ðŸ‡¦ðŸ‡¼,U+1F1E6 U+1F1FC,,297
Australia,AU,Oceania,Australia and New Zealand,AUD,ðŸ‡¦ðŸ‡º,U+1F1E6 U+1F1FA,,61
Austria,AT,Europe,Western Europe,EUR,ðŸ‡¦ðŸ‡¹,U+1F1E6 U+1F1F9,,43
Azerbaijan,AZ,Asia,Western Asia,AZN,ðŸ‡¦ðŸ‡¿,U+1F1E6 U+1F1FF,,994
Bahrain,BH,Asia,Western Asia,BHD,ðŸ‡§ðŸ‡­,U+1F1E7 U+1F1ED,,973
Bangladesh,BD,Asia,Southern Asia,BDT,ðŸ‡§ðŸ‡©,U+1F1E7 U+1F1E9,,880
Barbados,BB,Americas,Caribbean,BBD,ðŸ‡§ðŸ‡§,U+1F1E7 U+1F1E7,,1
Belarus,BY,Europe,Eastern Europe,BYN,ðŸ‡§ðŸ‡¾,U+1F1E7 U+1F1FE,,375
Belgium,BE,Europe,Western Europe,EUR,ðŸ‡§ðŸ‡ª,U+1F1E7 U+1F1EA,,32
Belize,BZ,Americas,Central America,BZD,ðŸ‡§ðŸ‡¿,U+1F1E7 U+1F1FF,,501
Benin,BJ,Africa,Western Africa,XOF,ðŸ‡§ðŸ‡¯,U+1F1E7 U+1F1EF,,229
Bermuda,BM,Americas,Northern America,BMD,ðŸ‡§ðŸ‡²,U+1F1E7 U+1F1F2,,1
Bhutan,BT,Asia,Southern Asia,BTN,ðŸ‡§ðŸ‡¹,U+1F1E7 U+1F1F9,,975
Bolivia,BO,Americas,South America,BOB,ðŸ‡§ðŸ‡´,U+1F1E7 U+1F1F4,,591
"Bonaire, Sint Eustatius and Saba",BQ,Americas,Caribbean,USD,ðŸ‡§ðŸ‡¶,U+1F1E7 U+1F1F6,,599
Bosnia and Herzegovina,BA,Europe,Southern Europe,BAM,ðŸ‡§ðŸ‡¦,U+1F1E7 U+1F1E6,,387
Botswana,BW,Africa,Southern Africa,BWP,ðŸ‡§ðŸ‡¼,U+1F1E7 U+1F1FC,,267
Bouvet Island,BV,,,NOK,ðŸ‡§ðŸ‡»,U+1F1E7 U+1F1FB,,0
Brazil,BR,Americas,South America,BRL,ðŸ‡§ðŸ‡·,U+1F1E7 U+1F1F7,,55
British Indian Ocean Territory,IO,Africa,Eastern Africa,USD,ðŸ‡®ðŸ‡´,U+1F1EE U+1F1F4,,246
Brunei,BN,Asia,South-Eastern Asia,BND,ðŸ‡§ðŸ‡³,U+1F1E7 U+1F1F3,,673
Bulgaria,BG,Europe,Eastern Europe,BGN,ðŸ‡§ðŸ‡¬,U+1F1E7 U+1F1EC,,359
Burkina Faso,BF,Africa,Western Africa,XOF,ðŸ‡§ðŸ‡«,U+1F1E7 U+1F1EB,,226
Burundi,BI,Africa,Eastern Africa,BIF,ðŸ‡§ðŸ‡®,U+1F1E7 U+1F1EE,,257
Cambodia,KH,Asia,South-Eastern Asia,KHR,ðŸ‡°ðŸ‡­,U+1F1F0 U+1F1ED,,855
Cameroon,CM,Africa,Middle Africa,XAF,ðŸ‡¨ðŸ‡²,U+1F1E8 U+1F1F2,,237
Canada,CA,Americas,Northern America,CAD,ðŸ‡¨ðŸ‡¦,U+1F1E8 U+1F1E6,,1
Cape Verde,CV,Africa,Western Africa,CVE,ðŸ‡¨ðŸ‡»,U+1F1E8 U+1F1FB,,238
Cayman Islands,KY,Americas,Caribbean,KYD,ðŸ‡°ðŸ‡¾,U+1F1F0 U+1F1FE,,1
Central African Republic,CF,Africa,Middle Africa,XAF,ðŸ‡¨ðŸ‡«,U+1F1E8 U+1F1EB,,236
Chad,TD,Africa,Middle Africa,XAF,ðŸ‡¹ðŸ‡©,U+1F1F9 U+1F1E9,,235
Chile,CL,Americas,South America,CLP,ðŸ‡¨ðŸ‡±,U+1F1E8 U+1F1F1,,56
China,CN,Asia,Eastern Asia,CNY,ðŸ‡¨ðŸ‡³,U+1F1E8 U+1F1F3,,86
Christmas Island,CX,Oceania,Australia and New Zealand,AUD,ðŸ‡¨ðŸ‡½,U+1F1E8 U+1F1FD,,61
Cocos (Keeling) Islands,CC,Oceania,Australia and New Zealand,AUD,ðŸ‡¨ðŸ‡¨,U+1F1E8 U+1F1E8,,61
Colombia,CO,Americas,South America,COP,ðŸ‡¨ðŸ‡´,U+1F1E8 U+1F1F4,,57
Comoros,KM,Africa,Eastern Africa,KMF,ðŸ‡°ðŸ‡²,U+1F1F0 U+1F1F2,,269
Congo,CG,Africa,Middle Africa,XAF,ðŸ‡¨ðŸ‡¬,U+1F1E8 U+1F1EC,,242
Cook Islands,CK,Oceania,Polynesia,NZD,ðŸ‡¨ðŸ‡°,U+1F1E8 U+1F1F0,,682
Costa Rica,CR,Americas,Central America,CRC,ðŸ‡¨ðŸ‡·,U+1F1E8 U+1F1F7,,506
Cote D'Ivoire (Ivory Coast),CI,Africa,Western Africa,XOF,ðŸ‡¨ðŸ‡®,U+1F1E8 U+1F1EE,,225
Croatia,HR,Europe,Southern Europe,HRK,ðŸ‡­ðŸ‡·,U+1F1ED U+1F1F7,,385
Cuba,CU,Americas,Caribbean,CUP,ðŸ‡¨ðŸ‡º,U+1F1E8 U+1F1FA,,53
CuraÃ§ao,CW,Americas,Caribbean,ANG,ðŸ‡¨ðŸ‡¼,U+1F1E8 U+1F1FC,,599
Cyprus,CY,Europe,Southern Europe,EUR,ðŸ‡¨ðŸ‡¾,U+1F1E8 U+1F1FE,,357
Czech Republic,CZ,Europe,Eastern Europe,CZK,ðŸ‡¨ðŸ‡¿,U+1F1E8 U+1F1FF,,420
Democratic Republic of the Congo,CD,Africa,Middle Africa,CDF,ðŸ‡¨ðŸ‡©,U+1F1E8 U+1F1E9,,242
Denmark,DK,Europe,Northern Europe,DKK,ðŸ‡©ðŸ‡°,U+1F1E9 U+1F1F0,,45
Djibouti,DJ,Africa,Eastern Africa,DJF,ðŸ‡©ðŸ‡¯,U+1F1E9 U+1F1EF,,253
Dominica,DM,Americas,Caribbean,XCD,ðŸ‡©ðŸ‡²,U+1F1E9 U+1F1F2,,1
Dominican Republic,DO,Americas,Caribbean,DOP,ðŸ‡©ðŸ‡´,U+1F1E9 U+1F1F4,,1
East Timor,TL,Asia,South-Eastern Asia,USD,ðŸ‡¹ðŸ‡±,U+1F1F9 U+1F1F1,,670
Ecuador,EC,Americas,South America,USD,ðŸ‡ªðŸ‡¨,U+1F1EA U+1F1E8,,593
Egypt,EG,Africa,Northern Africa,EGP,ðŸ‡ªðŸ‡¬,U+1F1EA U+1F1EC,,20
El Salvador,SV,Americas,Central America,USD,ðŸ‡¸ðŸ‡»,U+1F1F8 U+1F1FB,,503
Equatorial Guinea,GQ,Africa,Middle Africa,XAF,ðŸ‡¬ðŸ‡¶,U+1F1EC U+1F1F6,,240
Eritrea,ER,Africa,Eastern Africa,ERN,ðŸ‡ªðŸ‡·,U+1F1EA U+1F1F7,,291
Estonia,EE,Europe,Northern Europe,EUR,ðŸ‡ªðŸ‡ª,U+1F1EA U+1F1EA,,372
Ethiopia,ET,Africa,Eastern Africa,ETB,ðŸ‡ªðŸ‡¹,U+1F1EA U+1F1F9,,251
Falkland Islands,FK,Americas,South America,FKP,ðŸ‡«ðŸ‡°,U+1F1EB U+1F1F0,,500
Faroe Islands,FO,Europe,Northern Europe,DKK,ðŸ‡«ðŸ‡´,U+1F1EB U+1F1F4,,298
Fiji Islands,FJ,Oceania,Melanesia,FJD,ðŸ‡«ðŸ‡¯,U+1F1EB U+1F1EF,,679
Finland,FI,Europe,Northern Europe,EUR,ðŸ‡«ðŸ‡®,U+1F1EB U+1F1EE,,358
France,FR,Europe,Western Europe,EUR,ðŸ‡«ðŸ‡·,U+1F1EB U+1F1F7,,33
French Guiana,GF,Americas,South America,EUR,ðŸ‡¬ðŸ‡«,U+1F1EC U+1F1EB,,594
French Polynesia,PF,Oceania,Polynesia,XPF,ðŸ‡µðŸ‡«,U+1F1F5 U+1F1EB,,689
French Southern Territories,TF,Africa,Southern Africa,EUR,ðŸ‡¹ðŸ‡«,U+1F1F9 U+1F1EB,,0
Gabon,GA,Africa,Middle Africa,XAF,ðŸ‡¬ðŸ‡¦,U+1F1EC U+1F1E6,,241
Gambia The,GM,Africa,Western Africa,GMD,ðŸ‡¬ðŸ‡²,U+1F1EC U+1F1F2,,220
Georgia,GE,Asia,Western Asia,GEL,ðŸ‡¬ðŸ‡ª,U+1F1EC U+1F1EA,,995
Germany,DE,Europe,Western Europe,EUR,ðŸ‡©ðŸ‡ª,U+1F1E9 U+1F1EA,,49
Ghana,GH,Africa,Western Africa,GHS,ðŸ‡¬ðŸ‡­,U+1F1EC U+1F1ED,,233
Gibraltar,GI,Europe,Southern Europe,GIP,ðŸ‡¬ðŸ‡®,U+1F1EC U+1F1EE,,350
Greece,GR,Europe,Southern Europe,EUR,ðŸ‡¬ðŸ‡·,U+1F1EC U+1F1F7,,30
Greenland,GL,Americas,Northern America,DKK,ðŸ‡¬ðŸ‡±,U+1F1EC U+1F1F1,,299
Grenada,GD,Americas,Caribbean,XCD,ðŸ‡¬ðŸ‡©,U+1F1EC U+1F1E9,,1
Guadeloupe,GP,Americas,Caribbean,EUR,ðŸ‡¬ðŸ‡µ,U+1F1EC U+1F1F5,,590
Guam,GU,Oceania,Micronesia,USD,ðŸ‡¬ðŸ‡º,U+1F1EC U+1F1FA,,1
Guatemala,GT,Americas,Central America,GTQ,ðŸ‡¬ðŸ‡¹,U+1F1EC U+1F1F9,,502
Guernsey and Alderney,GG,Europe,Northern Europe,GBP,ðŸ‡¬ðŸ‡¬,U+1F1EC U+1F1EC,,44
Guinea,GN,Africa,Western Africa,GNF,ðŸ‡¬ðŸ‡³,U+1F1EC U+1F1F3,,224
Guinea-Bissau,GW,Africa,Western Africa,XOF,ðŸ‡¬ðŸ‡¼,U+1F1EC U+1F1FC,,245
Guyana,GY,Americas,South America,GYD,ðŸ‡¬ðŸ‡¾,U+1F1EC U+1F1FE,,592
Haiti,HT,Americas,Caribbean,HTG,ðŸ‡­ðŸ‡¹,U+1F1ED U+1F1F9,,509
Heard Island and McDonald Islands,HM,,,AUD,ðŸ‡­ðŸ‡²,U+1F1ED U+1F1F2,,0
Honduras,HN,Americas,Central America,HNL,ðŸ‡­ðŸ‡³,U+1F1ED U+1F1F3,,504
Hong Kong S.A.R.,HK,Asia,Eastern Asia,HKD,ðŸ‡­ðŸ‡°,U+1F1ED U+1F1F0,,852
Hungary,HU,Europe,Eastern Europe,HUF,ðŸ‡­ðŸ‡º,U+1F1ED U+1F1FA,,36
Iceland,IS,Europe,Northern Europe,ISK,ðŸ‡®ðŸ‡¸,U+1F1EE U+1F1F8,,354
India,IN,Asia,Southern Asia,INR,ðŸ‡®ðŸ‡³,U+1F1EE U+1F1F3,,91
Indonesia,ID,Asia,South-Eastern Asia,IDR,ðŸ‡®ðŸ‡©,U+1F1EE U+1F1E9,,62
Iran,IR,Asia,Southern Asia,IRR,ðŸ‡®ðŸ‡·,U+1F1EE U+1F1F7,,98
Iraq,IQ,Asia,Western Asia,IQD,ðŸ‡®ðŸ‡¶,U+1F1EE U+1F1F6,,964
Ireland,IE,Europe,Northern Europe,EUR,ðŸ‡®ðŸ‡ª,U+1F1EE U+1F1EA,,353
Israel,IL,Asia,Western Asia,ILS,ðŸ‡®ðŸ‡±,U+1F1EE U+1F1F1,,972
Italy,IT,Europe,Southern Europe,EUR,ðŸ‡®ðŸ‡¹,U+1F1EE U+1F1F9,,39
Jamaica,JM,Americas,Caribbean,JMD,ðŸ‡¯ðŸ‡²,U+1F1EF U+1F1F2,,1
Japan,JP,Asia,Eastern Asia,JPY,ðŸ‡¯ðŸ‡µ,U+1F1EF U+1F1F5,,81
Jersey,JE,Europe,Northern Europe,GBP,ðŸ‡¯ðŸ‡ª,U+1F1EF U+1F1EA,,44
Jordan,JO,Asia,Western Asia,JOD,ðŸ‡¯ðŸ‡´,U+1F1EF U+1F1F4,,962
Kazakhstan,KZ,Asia,Central Asia,KZT,ðŸ‡°ðŸ‡¿,U+1F1F0 U+1F1FF,,7
Kenya,KE,Africa,Eastern Africa,KES,ðŸ‡°ðŸ‡ª,U+1F1F0 U+1F1EA,,254
Kiribati,KI,Oceania,Micronesia,AUD,ðŸ‡°ðŸ‡®,U+1F1F0 U+1F1EE,,686
Kosovo,XK,Europe,Eastern Europe,EUR,ðŸ‡½ðŸ‡°,U+1F1FD U+1F1F0,,383
Kuwait,KW,Asia,Western Asia,KWD,ðŸ‡°ðŸ‡¼,U+1F1F0 U+1F1FC,,965
Kyrgyzstan,KG,Asia,Central Asia,KGS,ðŸ‡°ðŸ‡¬,U+1F1F0 U+1F1EC,,996
Laos,LA,Asia,South-Eastern Asia,LAK,ðŸ‡±ðŸ‡¦,U+1F1F1 U+1F1E6,,856
Latvia,LV,Europe,Northern Europe,EUR,ðŸ‡±ðŸ‡»,U+1F1F1 U+1F1FB,,371
Lebanon,LB,Asia,Western Asia,LBP,ðŸ‡±ðŸ‡§,U+1F1F1 U+1F1E7,,961
Lesotho,LS,Africa,Southern Africa,LSL,ðŸ‡±ðŸ‡¸,U+1F1F1 U+1F1F8,,266
Liberia,LR,Africa,Western Africa,LRD,ðŸ‡±ðŸ‡·,U+1F1F1 U+1F1F7,,231
Libya,LY,Africa,Northern Africa,LYD,ðŸ‡±ðŸ‡¾,U+1F1F1 U+1F1FE,,218
Liechtenstein,LI,Europe,Western Europe,CHF,ðŸ‡±ðŸ‡®,U+1F1F1 U+1F1EE,,423
Lithuania,LT,Europe,Northern Europe,EUR,ðŸ‡±ðŸ‡¹,U+1F1F1 U+1F1F9,,370
Luxembourg,LU,Europe,Western Europe,EUR,ðŸ‡±ðŸ‡º,U+1F1F1 U+1F1FA,,352
Macau S.A.R.,MO,Asia,Eastern Asia,MOP,ðŸ‡²ðŸ‡´,U+1F1F2 U+1F1F4,,853
Macedonia,MK,Europe,Southern Europe,MKD,ðŸ‡²ðŸ‡°,U+1F1F2 U+1F1F0,,389
Madagascar,MG,Africa,Eastern Africa,MGA,ðŸ‡²ðŸ‡¬,U+1F1F2 U+1F1EC,,261
Malawi,MW,Africa,Eastern Africa,MWK,ðŸ‡²ðŸ‡¼,U+1F1F2 U+1F1FC,,265
Malaysia,MY,Asia,South-Eastern Asia,MYR,ðŸ‡²ðŸ‡¾,U+1F1F2 U+1F1FE,,60
Maldives,MV,Asia,Southern Asia,MVR,ðŸ‡²ðŸ‡»,U+1F1F2 U+1F1FB,,960
Mali,ML,Africa,Western Africa,XOF,ðŸ‡²ðŸ‡±,U+1F1F2 U+1F1F1,,223
Malta,MT,Europe,Southern Europe,EUR,ðŸ‡²ðŸ‡¹,U+1F1F2 U+1F1F9,,356
Isle of Man,IM,Europe,Northern Europe,GBP,ðŸ‡®ðŸ‡²,U+1F1EE U+1F1F2,,44
Marshall Islands,MH,Oceania,Micronesia,USD,ðŸ‡²ðŸ‡­,U+1F1F2 U+1F1ED,,692
Martinique,MQ,Americas,Caribbean,EUR,ðŸ‡²ðŸ‡¶,U+1F1F2 U+1F1F6,,596
Mauritania,MR,Africa,Western Africa,MRO,ðŸ‡²ðŸ‡·,U+1F1F2 U+1F1F7,,222
Mauritius,MU,Africa,Eastern Africa,MUR,ðŸ‡²ðŸ‡º,U+1F1F2 U+1F1FA,,230
Mayotte,YT,Africa,Eastern Africa,EUR,ðŸ‡¾ðŸ‡¹,U+1F1FE U+1F1F9,,262
Mexico,MX,Americas,Central America,MXN,ðŸ‡²ðŸ‡½,U+1F1F2 U+1F1FD,,52
Micronesia,FM,Oceania,Micronesia,USD,ðŸ‡«ðŸ‡²,U+1F1EB U+1F1F2,,691
Moldova,MD,Europe,Eastern Europe,MDL,ðŸ‡²ðŸ‡©,U+1F1F2 U+1F1E9,,373
Monaco,MC,Europe,Western Europe,EUR,ðŸ‡²ðŸ‡¨,U+1F1F2 U+1F1E8,,377
Mongolia,MN,Asia,Eastern Asia,MNT,ðŸ‡²ðŸ‡³,U+1F1F2 U+1F1F3,,976
Montenegro,ME,Europe,Southern Europe,EUR,ðŸ‡²ðŸ‡ª,U+1F1F2 U+1F1EA,,382
Montserrat,MS,Americas,Caribbean,XCD,ðŸ‡²ðŸ‡¸,U+1F1F2 U+1F1F8,,1
Morocco,MA,Africa,Northern Africa,MAD,ðŸ‡²ðŸ‡¦,U+1F1F2 U+1F1E6,,212
Mozambique,MZ,Africa,Eastern Africa,MZN,ðŸ‡²ðŸ‡¿,U+1F1F2 U+1F1FF,,258
Myanmar,MM,Asia,South-Eastern Asia,MMK,ðŸ‡²ðŸ‡²,U+1F1F2 U+1F1F2,,95
Namibia,NA,Africa,Southern Africa,NAD,ðŸ‡³ðŸ‡¦,U+1F1F3 U+1F1E6,,264
Nauru,NR,Oceania,Micronesia,AUD,ðŸ‡³ðŸ‡·,U+1F1F3 U+1F1F7,,674
Nepal,NP,Asia,Southern Asia,NPR,ðŸ‡³ðŸ‡µ,U+1F1F3 U+1F1F5,,977
Netherlands,NL,Europe,Western Europe,EUR,ðŸ‡³ðŸ‡±,U+1F1F3 U+1F1F1,,31
New Caledonia,NC,Oceania,Melanesia,XPF,ðŸ‡³ðŸ‡¨,U+1F1F3 U+1F1E8,,687
New Zealand,NZ,Oceania,Australia and New Zealand,NZD,ðŸ‡³ðŸ‡¿,U+1F1F3 U+1F1FF,,64
Nicaragua,NI,Americas,Central America,NIO,ðŸ‡³ðŸ‡®,U+1F1F3 U+1F1EE,,505
Niger,NE,Africa,Western Africa,XOF,ðŸ‡³ðŸ‡ª,U+1F1F3 U+1F1EA,,227
Nigeria,NG,Africa,Western Africa,NGN,ðŸ‡³ðŸ‡¬,U+1F1F3 U+1F1EC,,234
Niue,NU,Oceania,Polynesia,NZD,ðŸ‡³ðŸ‡º,U+1F1F3 U+1F1FA,,683
Norfolk Island,NF,Oceania,Australia and New Zealand,AUD,ðŸ‡³ðŸ‡«,U+1F1F3 U+1F1EB,,672
North Korea,KP,Asia,Eastern Asia,KPW,ðŸ‡°ðŸ‡µ,U+1F1F0 U+1F1F5,,850
Northern Mariana Islands,MP,Oceania,Micronesia,USD,ðŸ‡²ðŸ‡µ,U+1F1F2 U+1F1F5,,1
Norway,NO,Europe,Northern Europe,NOK,ðŸ‡³ðŸ‡´,U+1F1F3 U+1F1F4,,47
Oman,OM,Asia,Western Asia,OMR,ðŸ‡´ðŸ‡²,U+1F1F4 U+1F1F2,,968
Pakistan,PK,Asia,Southern Asia,PKR,ðŸ‡µðŸ‡°,U+1F1F5 U+1F1F0,,92
Palau,PW,Oceania,Micronesia,USD,ðŸ‡µðŸ‡¼,U+1F1F5 U+1F1FC,,680
Palestinian Territory Occupied,PS,Asia,Western Asia,ILS,ðŸ‡µðŸ‡¸,U+1F1F5 U+1F1F8,,970
Panama,PA,Americas,Central America,PAB,ðŸ‡µðŸ‡¦,U+1F1F5 U+1F1E6,,507
Papua new Guinea,PG,Oceania,Melanesia,PGK,ðŸ‡µðŸ‡¬,U+1F1F5 U+1F1EC,,675
Paraguay,PY,Americas,South America,PYG,ðŸ‡µðŸ‡¾,U+1F1F5 U+1F1FE,,595
Peru,PE,Americas,South America,PEN,ðŸ‡µðŸ‡ª,U+1F1F5 U+1F1EA,,51
Philippines,PH,Asia,South-Eastern Asia,PHP,ðŸ‡µðŸ‡­,U+1F1F5 U+1F1ED,,63
Pitcairn Island,PN,Oceania,Polynesia,NZD,ðŸ‡µðŸ‡³,U+1F1F5 U+1F1F3,,64
Poland,PL,Europe,Eastern Europe,PLN,ðŸ‡µðŸ‡±,U+1F1F5 U+1F1F1,,48
Portugal,PT,Europe,Southern Europe,EUR,ðŸ‡µðŸ‡¹,U+1F1F5 U+1F1F9,,351
Puerto Rico,PR,Americas,Caribbean,USD,ðŸ‡µðŸ‡·,U+1F1F5 U+1F1F7,,1
Qatar,QA,Asia,Western Asia,QAR,ðŸ‡¶ðŸ‡¦,U+1F1F6 U+1F1E6,,974
Reunion,RE,Africa,Eastern Africa,EUR,ðŸ‡·ðŸ‡ª,U+1F1F7 U+1F1EA,,262
Romania,RO,Europe,Eastern Europe,RON,ðŸ‡·ðŸ‡´,U+1F1F7 U+1F1F4,,40
Russia,RU,Europe,Eastern Europe,RUB,ðŸ‡·ðŸ‡º,U+1F1F7 U+1F1FA,,7
Rwanda,RW,Africa,Eastern Africa,RWF,ðŸ‡·ðŸ‡¼,U+1F1F7 U+1F1FC,,250
Saint Helena,SH,Africa,Western Africa,SHP,ðŸ‡¸ðŸ‡­,U+1F1F8 U+1F1ED,,290
Saint Kitts And Nevis,KN,Americas,Caribbean,XCD,ðŸ‡°ðŸ‡³,U+1F1F0 U+1F1F3,,1
Saint Lucia,LC,Americas,Caribbean,XCD,ðŸ‡±ðŸ‡¨,U+1F1F1 U+1F1E8,,1
Saint Pierre and Miquelon,PM,Americas,Northern America,EUR,ðŸ‡µðŸ‡²,U+1F1F5 U+1F1F2,,508
Saint Vincent And The Grenadines,VC,Americas,Caribbean,XCD,ðŸ‡»ðŸ‡¨,U+1F1FB U+1F1E8,,1
Saint-Barthelemy,BL,Americas,Caribbean,EUR,ðŸ‡§ðŸ‡±,U+1F1E7 U+1F1F1,,590
Saint-Martin (French part),MF,Americas,Caribbean,EUR,ðŸ‡²ðŸ‡«,U+1F1F2 U+1F1EB,,590
Samoa,WS,Oceania,Polynesia,WST,ðŸ‡¼ðŸ‡¸,U+1F1FC U+1F1F8,,685
San Marino,SM,Europe,Southern Europe,EUR,ðŸ‡¸ðŸ‡²,U+1F1F8 U+1F1F2,,378
Sao Tome and Principe,ST,Africa,Middle Africa,STD,ðŸ‡¸ðŸ‡¹,U+1F1F8 U+1F1F9,,239
Saudi Arabia,SA,Asia,Western Asia,SAR,ðŸ‡¸ðŸ‡¦,U+1F1F8 U+1F1E6,,966
Senegal,SN,Africa,Western Africa,XOF,ðŸ‡¸ðŸ‡³,U+1F1F8 U+1F1F3,,221
Serbia,RS,Europe,Southern Europe,RSD,ðŸ‡·ðŸ‡¸,U+1F1F7 U+1F1F8,,381
Seychelles,SC,Africa,Eastern Africa,SCR,ðŸ‡¸ðŸ‡¨,U+1F1F8 U+1F1E8,,248
Sierra Leone,SL,Africa,Western Africa,SLL,ðŸ‡¸ðŸ‡±,U+1F1F8 U+1F1F1,,232
Singapore,SG,Asia,South-Eastern Asia,SGD,ðŸ‡¸ðŸ‡¬,U+1F1F8 U+1F1EC,,65
Sint Maarten (Dutch part),SX,Americas,Caribbean,ANG,ðŸ‡¸ðŸ‡½,U+1F1F8 U+1F1FD,,1
Slovakia,SK,Europe,Eastern Europe,EUR,ðŸ‡¸ðŸ‡°,U+1F1F8 U+1F1F0,,421
Slovenia,SI,Europe,Southern Europe,EUR,ðŸ‡¸ðŸ‡®,U+1F1F8 U+1F1EE,,386
Solomon Islands,SB,Oceania,Melanesia,SBD,ðŸ‡¸ðŸ‡§,U+1F1F8 U+1F1E7,,677
Somalia,SO,Africa,Eastern Africa,SOS,ðŸ‡¸ðŸ‡´,U+1F1F8 U+1F1F4,,252
South Africa,ZA,Africa,Southern Africa,ZAR,ðŸ‡¿ðŸ‡¦,U+1F1FF U+1F1E6,,27
South Georgia,GS,Americas,South America,GBP,ðŸ‡¬ðŸ‡¸,U+1F1EC U+1F1F8,,500
South Korea,KR,Asia,Eastern Asia,KRW,ðŸ‡°ðŸ‡·,U+1F1F0 U+1F1F7,,82
South Sudan,SS,Africa,Middle Africa,SSP,ðŸ‡¸ðŸ‡¸,U+1F1F8 U+1F1F8,,211
Spain,ES,Europe,Southern Europe,EUR,ðŸ‡ªðŸ‡¸,U+1F1EA U+1F1F8,,34
Sri Lanka,LK,Asia,Southern Asia,LKR,ðŸ‡±ðŸ‡°,U+1F1F1 U+1F1F0,,94
Sudan,SD,Africa,Northern Africa,SDG,ðŸ‡¸ðŸ‡©,U+1F1F8 U+1F1E9,,249
Suriname,SR,Americas,South America,SRD,ðŸ‡¸ðŸ‡·,U+1F1F8 U+1F1F7,,597
Svalbard And Jan Mayen Islands,SJ,Europe,Northern Europe,NOK,ðŸ‡¸ðŸ‡¯,U+1F1F8 U+1F1EF,,47
Swaziland,SZ,Africa,Southern Africa,SZL,ðŸ‡¸ðŸ‡¿,U+1F1F8 U+1F1FF,,268
Sweden,SE,Europe,Northern Europe,SEK,ðŸ‡¸ðŸ‡ª,U+1F1F8 U+1F1EA,,46
Switzerland,CH,Europe,Western Europe,CHF,ðŸ‡¨ðŸ‡­,U+1F1E8 U+1F1ED,,41
Syria,SY,Asia,Western Asia,SYP,ðŸ‡¸ðŸ‡¾,U+1F1F8 U+1F1FE,,963
Taiwan,TW,Asia,Eastern Asia,TWD,ðŸ‡¹ðŸ‡¼,U+1F1F9 U+1F1FC,,886
Tajikistan,TJ,Asia,Central Asia,TJS,ðŸ‡¹ðŸ‡¯,U+1F1F9 U+1F1EF,,992
Tanzania,TZ,Africa,Eastern Africa,TZS,ðŸ‡¹ðŸ‡¿,U+1F1F9 U+1F1FF,,255
Thailand,TH,Asia,South-Eastern Asia,THB,ðŸ‡¹ðŸ‡­,U+1F1F9 U+1F1ED,,66
Bahamas,BS,Americas,Caribbean,BSD,ðŸ‡§ðŸ‡¸,U+1F1E7 U+1F1F8,,1
Togo,TG,Africa,Western Africa,XOF,ðŸ‡¹ðŸ‡¬,U+1F1F9 U+1F1EC,,228
Tokelau,TK,Oceania,Polynesia,NZD,ðŸ‡¹ðŸ‡°,U+1F1F9 U+1F1F0,,690
Tonga,TO,Oceania,Polynesia,TOP,ðŸ‡¹ðŸ‡´,U+1F1F9 U+1F1F4,,676
Trinidad And Tobago,TT,Americas,Caribbean,TTD,ðŸ‡¹ðŸ‡¹,U+1F1F9 U+1F1F9,,1
Tunisia,TN,Africa,Northern Africa,TND,ðŸ‡¹ðŸ‡³,U+1F1F9 U+1F1F3,,216
Turkey,TR,Asia,Western Asia,TRY,ðŸ‡¹ðŸ‡·,U+1F1F9 U+1F1F7,,90
Turkmenistan,TM,Asia,Central Asia,TMT,ðŸ‡¹ðŸ‡²,U+1F1F9 U+1F1F2,,993
Turks And Caicos Islands,TC,Americas,Caribbean,USD,ðŸ‡¹ðŸ‡¨,U+1F1F9 U+1F1E8,,1
Tuvalu,TV,Oceania,Polynesia,AUD,ðŸ‡¹ðŸ‡»,U+1F1F9 U+1F1FB,,688
Uganda,UG,Africa,Eastern Africa,UGX,ðŸ‡ºðŸ‡¬,U+1F1FA U+1F1EC,,256
Ukraine,UA,Europe,Eastern Europe,UAH,ðŸ‡ºðŸ‡¦,U+1F1FA U+1F1E6,,256
United Arab Emirates,AE,Asia,Western Asia,AED,ðŸ‡¦ðŸ‡ª,U+1F1E6 U+1F1EA,,380
United Kingdom,GB,Europe,Northern Europe,GBP,ðŸ‡¬ðŸ‡§,U+1F1EC U+1F1E7,,44
United States,US,Americas,Northern America,USD,ðŸ‡ºðŸ‡¸,U+1F1FA U+1F1F8,,1
United States Minor Outlying Islands,UM,Americas,Northern America,USD,ðŸ‡ºðŸ‡²,U+1F1FA U+1F1F2,,0
Uruguay,UY,Americas,South America,UYU,ðŸ‡ºðŸ‡¾,U+1F1FA U+1F1FE,,598
Uzbekistan,UZ,Asia,Central Asia,UZS,ðŸ‡ºðŸ‡¿,U+1F1FA U+1F1FF,,998
Vanuatu,VU,Oceania,Melanesia,VUV,ðŸ‡»ðŸ‡º,U+1F1FB U+1F1FA,,678
Vatican City State (Holy See),VA,Europe,Southern Europe,EUR,ðŸ‡»ðŸ‡¦,U+1F1FB U+1F1E6,,39
Venezuela,VE,Americas,South America,VEF,ðŸ‡»ðŸ‡ª,U+1F1FB U+1F1EA,,58
Vietnam,VN,Asia,South-Eastern Asia,VND,ðŸ‡»ðŸ‡³,U+1F1FB U+1F1F3,,84
Virgin Islands (British),VG,Americas,Caribbean,USD,ðŸ‡»ðŸ‡¬,U+1F1FB U+1F1EC,,1
Virgin Islands (US),VI,Americas,Caribbean,USD,ðŸ‡»ðŸ‡®,U+1F1FB U+1F1EE,,1
Wallis And Futuna Islands,WF,Oceania,Polynesia,XPF,ðŸ‡¼ðŸ‡«,U+1F1FC U+1F1EB,,681
Western Sahara,EH,Africa,Northern Africa,MAD,ðŸ‡ªðŸ‡­,U+1F1EA U+1F1ED,,212
Yemen,YE,Asia,Western Asia,YER,ðŸ‡¾ðŸ‡ª,U+1F1FE U+1F1EA,,967
Zambia,ZM,Africa,Eastern Africa,ZMW,ðŸ‡¿ðŸ‡²,U+1F1FF U+1F1F2,,260
Zimbabwe,ZW,Africa,Eastern Africa,ZWL,ðŸ‡¿ðŸ‡¼,U+1F1FF U+1F1FC,,263
